{"loss":{"0":1.0590167046,"1":0.9245726466,"2":0.8901686072,"3":0.8589421511,"4":0.8461399078,"5":0.8400141597,"6":0.819914341,"7":0.8147118092,"8":0.8103234768},"accuracy":{"0":0.608774364,"1":0.6642757654,"2":0.6768802404,"3":0.6896239519,"4":0.6916434765,"5":0.7019498348,"6":0.7032033205,"7":0.7080083489,"8":0.7094707489},"val_loss":{"0":0.892152071,"1":0.8778338432,"2":0.7682803273,"3":0.8143085241,"4":0.7407197356,"5":0.7404108644,"6":0.7095420361,"7":0.7208372951,"8":0.7431981564},"val_accuracy":{"0":0.6312367916,"1":0.6398504972,"2":0.6825938821,"3":0.6785308123,"4":0.6931577921,"5":0.6873070002,"6":0.7250121832,"7":0.7102226615,"8":0.7141231894}}