{"loss":{"0":0.3838545382,"1":0.3574536443,"2":0.3457804024,"3":0.3390308022,"4":0.3374989927,"5":0.3315939307,"6":0.3288469613,"7":0.3279575706},"accuracy":{"0":0.8277803063,"1":0.8417801261,"2":0.8484876156,"3":0.849730432,"4":0.8533674479,"5":0.85601753,"6":0.8568400145,"7":0.8574613929},"val_loss":{"0":0.3205165267,"1":0.3193899393,"2":0.3460228741,"3":0.2953848839,"4":0.302307725,"5":0.2948456109,"6":0.2978237569,"7":0.2998074293},"val_accuracy":{"0":0.8628951907,"1":0.8621296883,"2":0.8478909731,"3":0.8776697516,"4":0.8716986775,"5":0.8763683438,"6":0.8764449358,"7":0.8738421202}}